city,avg_temp_c,precipitation_mm
Austin,16.04,6.9
Charlotte,20.23,3.05
Chicago,14.180000000000001,3.8
Columbus,13.66,1.59
Dallas,15.780000000000001,6.32
Denver,23.1,3.7
Fort Worth,15.860000000000003,3.9299999999999997
Houston,12.39,5.0
Indianapolis,15.680000000000001,3.65
Jacksonville,15.64,3.63
Los Angeles,13.34,2.8200000000000003
New York,13.169999999999998,3.2700000000000005
Philadelphia,14.289999999999997,4.1899999999999995
Phoenix,15.16,3.12
San Antonio,13.39,3.55
San Diego,13.7,4.54
San Francisco,19.65,3.4299999999999997
San Jose,13.069999999999999,3.06
Seattle,13.23,2.5
Washington,9.709999999999999,5.409999999999999
